{

"questions":[


    {
        "question":"what is the capital of france?",
        "choices":["London","Paris","Rome","Berlin"],
        "correctAnswer":"Paris"
    },
    {
    
    
        "question":"India has provided a $250 million Line of Credit to which country for the modernization of its agricultural sector??",
        "choices":["Nigeria","South Africa","Ethiopia","Kenya"],
        "correctAnswer":"Kenya"
    
    
    },
    {
        "question":"Since which year has World AIDS Day been observed annually on December 1?",
        "choices":["1988","1955","2000","2011"],
        "correctAnswer":"1988"
    },
    {
        "question":"Where will the 27th World Investment Conference (WIC) be hosted by Invest India?",
        "choices":["Mumbai","New Delhi","Bangalore","Kolkatta"],
        "correctAnswer":"New Delhi"
    },
    {
        "question":"Where was the 5th Honey Bee Day celebrated with the theme 'Bee & Honey Trials'?",
        "choices":["Manipur","Mizoram","Arunachal Pradesh","Nagaland"],
        "correctAnswer":"Nagaland"
    }
    ]
    }
    